Steven Skoczen, BuddyUp, https://github.com/skoczen
Levi Thomason, GreenKahuna, https://github.com/levithomason
Eric Carmichael, GreenKahuna, https://github.com/ckcollab
Brian Peterson, Quixey, https://github.com/quixeybrian
Brandon Henderson, https://github.com/bfhenderson
adamgilman, https://github.com/adamgilman
crccheck, https://github.com/crccheck
Dan Poirier, Caktus, https://github.com/dpoirier
Rodrigo Pimentel, rbp, https://github.com/rbp
Mr. Grue, https://github.com/mrgrue
Mark Adamcin, Mashery, https://github.com/adamcin
Hobson Lane, http://github.com/hobson
Carson Gee, https://github.com/carsongee
Paul Curry, https://github.com/pcurry
Bertrand Svetchine, https://github.com/bsvetchine
Joan Touzet, https://github.com/wohali
Vitaliy Krasnoperov, https://github.com/neronmoon
Marius Brandt, Webrunners, https://github.com/PrideRage
Steve Ivy, https://github.com/sivy
Adam Papai, https://github.com/woohgit
Jessamyn Smith, https://github.com/jessamynsmith
Brandon Sturgeon, https://github.com/brandonsturgeon
Ryan Murfitt, https://github.com/puug
Piotr 'keNzi' Czajkowski, http://www.videotesty.pl
Dmitri Muntean, https://github.com/dmuntean
Ben lau, Mashery, https://github.com/netjunki
Evan Borgstrom, https://github.com/borgstrom
Paul Kirby, https://paulkirby.me
Martin Grund, https://github.com/grundprinzip
Michiel van Baak, https://github.com/mvanbaak
Dougal Matthews, https://github.com/d0ugal
Konrad Aust, https://github.com/ironykins
Brian Gallew, https://github.com/BrianGallew
Mark Adams, https://github.com/mark-adams
Gordo Lowrey, https://github.com/gordol
Owen Parry, https://github.com/woparry
chillipeper, https://github.com/chillipeper
Christophe Sicard, https://github.com/tophsic
buran, https://github.com/AndrewBurdyug
J. Cliff Dyer, https://github.com/jcdyer
Regner Blok-Andersen, https://github.com/Regner
danbourke, https://github.com/danbourke
Jose Cueto, https://github.com/pepedocs
Derek Adair, https://github.com/derek-adair
Antony Gelberg, https://github.com/antgel
Jeppe Toustrup, https://github.com/Tenzer
bykof, https://github.com/bykof/
Mike Love, https://github.com/mike-love
Roy Zheng, https://github.com/wontonst
acommasplice, https://github.com/acommasplice
TaunoTinits, https://github.com/TaunoTinits
ostracon, https://github.com/ostracon
mattcl, https://github.com/mattcl
Ahmed Osman, https://github.com/Ashex 
Boris Peterbarg, https://github.com/reist
unicolet, https://github.com/unicolet
